number,value,params_a1,params_a2,params_c,params_lam1,params_lam2,user_attrs_a1_ordered,user_attrs_a2_ordered,user_attrs_c,user_attrs_lam1_ordered,user_attrs_lam2_ordered,user_attrs_ridge_alpha_mean,user_attrs_val_mse_folds,user_attrs_val_r2_mean,state,depth_past,q,vsig_mode,input_transform
39,3.293687085536693e-06,1.9515655476366294,0.3201635201763932,-0.8218944941795128,40.14415103834218,0.09166854098557742,1.9515655476366294,0.3201635201763932,-0.8218944941795128,40.14415103834218,0.09166854098557742,33.66666667,"[3.797958103119455e-06, 3.2094725091397258e-06, 2.8736306443508987e-06]",0.6278418135214755,COMPLETE,4,1,2L2A_COUPLED_FREEC,legacy_price_return_abs_time
129,3.3062250790237858e-06,1.9431006457482742,0.3028607800526938,-1.7819297104071155,50.47388646367399,0.039366403793530305,1.9431006457482742,0.3028607800526938,-1.7819297104071155,50.47388646367399,0.039366403793530305,3.66666667,"[3.8949484005065714e-06, 3.1912452298741733e-06, 2.832481606690614e-06]",0.6269256983132483,COMPLETE,4,1,2L2A_COUPLED_FREEC,legacy_price_return_abs_time
131,3.314916938706778e-06,2.074442946131568,0.31221661506486503,-1.762974786359041,51.54651434723112,0.05867905502029082,2.074442946131568,0.31221661506486503,-1.762974786359041,51.54651434723112,0.05867905502029082,33.66666667,"[3.7932678253147094e-06, 3.2087626308606726e-06, 2.9427203599449526e-06]",0.6255013360902354,COMPLETE,4,1,2L2A_COUPLED_FREEC,legacy_price_return_abs_time
125,3.31642693798471e-06,7.740073108261857,0.9755036183981939,-1.8168680242256445,42.44388824674181,0.02839965370559542,7.740073108261857,0.9755036183981939,-1.8168680242256445,42.44388824674181,0.02839965370559542,33.66666667,"[3.7761723062326885e-06, 3.2461861847653855e-06, 2.926922322956057e-06]",0.625004307350761,COMPLETE,4,1,2L2A_COUPLED_FREEC,legacy_price_return_abs_time
81,3.3232340402514316e-06,4.797317008774472,0.7090441332391055,-1.5361248625796282,35.51041851302684,0.046221053336018045,4.797317008774472,0.7090441332391055,-1.5361248625796282,35.51041851302684,0.046221053336018045,33.66666667,"[3.7637880024801353e-06, 3.2431231062035353e-06, 2.9627910120706246e-06]",0.6242379714266751,COMPLETE,4,1,2L2A_COUPLED_FREEC,legacy_price_return_abs_time
136,3.3266990499580676e-06,1.4144201785850923,0.1980676424442366,-1.8830469702863715,51.82829453942065,0.027622640836413748,1.4144201785850923,0.1980676424442366,-1.8830469702863715,51.82829453942065,0.027622640836413748,3.66666667,"[3.979119362514307e-06, 3.1853016219796026e-06, 2.8156761653802926e-06]",0.6250056303996196,COMPLETE,4,1,2L2A_COUPLED_FREEC,legacy_price_return_abs_time
124,3.330792584758286e-06,1.238065455687062,0.9123021158284113,-1.8040846291761587,46.31842033074641,0.024043292158575206,1.238065455687062,0.9123021158284113,-1.8040846291761587,46.31842033074641,0.024043292158575206,3.6667,"[4.1678866359626956e-06, 3.0724094372802093e-06, 2.752081681031954e-06]",0.626017726751992,COMPLETE,4,1,2L2A_COUPLED_FREEC,legacy_price_return_abs_time
97,3.3312241519298355e-06,0.11708429129108679,1.202735864929702,-1.7297964863365465,42.287828295735075,0.02391198687412609,0.11708429129108679,1.202735864929702,-1.7297964863365465,42.287828295735075,0.02391198687412609,3.6667,"[4.1858561332269625e-06, 3.0605945997052472e-06, 2.747221722857298e-06]",0.6261172891250534,COMPLETE,4,1,2L2A_COUPLED_FREEC,legacy_price_return_abs_time
22,3.331647918964316e-06,0.3575451090837248,1.1571401802863581,-1.5057143137155786,31.913122502300833,0.02494077278796929,0.3575451090837248,1.1571401802863581,-1.5057143137155786,31.913122502300833,0.02494077278796929,3.6667,"[4.175356217269702e-06, 3.0671160911291173e-06, 2.7524714484941295e-06]",0.6259877270432123,COMPLETE,4,1,2L2A_COUPLED_FREEC,legacy_price_return_abs_time
18,3.3324386950503548e-06,2.309546141011582,1.675750895141987,-1.5264327498952244,47.25931303159037,0.04775229176321172,2.309546141011582,1.675750895141987,-1.5264327498952244,47.25931303159037,0.04775229176321172,3.6667,"[4.156884070434098e-06, 3.0802988809987744e-06, 2.7601331337181915e-06]",0.6257423190736762,COMPLETE,4,1,2L2A_COUPLED_FREEC,legacy_price_return_abs_time
58,3.3327136537100433e-06,0.3067548958843031,1.198704408223111,0.8230922608134233,34.11231190280096,0.07146117394967973,0.3067548958843031,1.198704408223111,0.8230922608134233,34.11231190280096,0.07146117394967973,3.6667,"[4.200651696660449e-06, 3.054822723065882e-06, 2.742666541403799e-06]",0.6260458573437484,COMPLETE,4,1,2L2A_COUPLED_FREEC,legacy_price_return_abs_time
40,3.3328196847352864e-06,6.567519573912269,2.6348366753061168,-1.6395006485686454,46.26026597165809,0.037248957134505926,6.567519573912269,2.6348366753061168,-1.6395006485686454,46.26026597165809,0.037248957134505926,3.6667,"[4.145265171914502e-06, 3.0909994131074893e-06, 2.762194469183867e-06]",0.6255831141585809,COMPLETE,4,1,2L2A_COUPLED_FREEC,legacy_price_return_abs_time
109,3.333560391102126e-06,0.21863499674923187,1.5552306441981936,-1.2465113424768577,31.127511010300672,0.04088084599235354,0.21863499674923187,1.5552306441981936,-1.2465113424768577,31.127511010300672,0.04088084599235354,3.6667,"[4.207054690770538e-06, 3.0520865258889248e-06, 2.7415399566469164e-06]",0.6259945043700167,COMPLETE,4,1,2L2A_COUPLED_FREEC,legacy_price_return_abs_time
55,3.3343353992524567e-06,0.3078673492595796,1.3864370314666572,-1.2274173274803735,47.39731621683984,0.06653393473211613,0.3078673492595796,1.3864370314666572,-1.2274173274803735,47.39731621683984,0.06653393473211613,3.6667,"[4.171408698424768e-06, 3.071571666352701e-06, 2.760025832979901e-06]",0.6256469051663982,COMPLETE,4,1,2L2A_COUPLED_FREEC,legacy_price_return_abs_time
127,3.3354215714087123e-06,0.9932955359579398,1.4979156891703433,-1.8166451433402848,42.74130657311681,0.012376741149307462,0.9932955359579398,1.4979156891703433,-1.8166451433402848,42.74130657311681,0.012376741149307462,3.6667,"[4.208439198170322e-06, 3.0538828401775344e-06, 2.7439426758782804e-06]",0.6257817693054731,COMPLETE,4,1,2L2A_COUPLED_FREEC,legacy_price_return_abs_time
147,3.337444990525269e-06,0.42696897988453303,1.0608910472402737,-1.7111534230817285,44.03862607097652,0.022386859764790306,0.42696897988453303,1.0608910472402737,-1.7111534230817285,44.03862607097652,0.022386859764790306,3.6667,"[4.219243142527236e-06, 3.049959189616005e-06, 2.743132639432566e-06]",0.625624783942107,COMPLETE,4,1,2L2A_COUPLED_FREEC,legacy_price_return_abs_time
38,3.3380509391526077e-06,2.1411863112879823,2.269384217954364,-1.6479087847115923,42.97389452996248,0.0373401527737466,2.1411863112879823,2.269384217954364,-1.6479087847115923,42.97389452996248,0.0373401527737466,3.6667,"[4.1532686985464306e-06, 3.087190219603552e-06, 2.7736938993078404e-06]",0.6250638180652704,COMPLETE,4,1,2L2A_COUPLED_FREEC,legacy_price_return_abs_time
59,3.3382347425594688e-06,0.301017536580999,1.3234390067450295,-1.569758301796086,34.32584280432344,0.016800705486347454,0.301017536580999,1.3234390067450295,-1.569758301796086,34.32584280432344,0.016800705486347454,3.6667,"[4.22348353850412e-06, 3.048452099883642e-06, 2.742768589290645e-06]",0.6255634129582684,COMPLETE,4,1,2L2A_COUPLED_FREEC,legacy_price_return_abs_time
74,3.3382650644581116e-06,0.11904635280025369,1.1507808793741696,-1.8214931740708087,41.243009910230626,0.019841437717060026,0.11904635280025369,1.1507808793741696,-1.8214931740708087,41.243009910230626,0.019841437717060026,3.6667,"[4.168899169850956e-06, 3.0765880219927514e-06, 2.7693080015306268e-06]",0.6251704982788229,COMPLETE,4,1,2L2A_COUPLED_FREEC,legacy_price_return_abs_time
120,3.339343333493898e-06,1.2991987292922917,0.922339356762204,-1.6585288872971462,44.15615060646906,0.025873921277791805,1.2991987292922917,0.922339356762204,-1.6585288872971462,44.15615060646906,0.025873921277791805,3.6667,"[4.210302462696679e-06, 3.058098060626919e-06, 2.749629477158096e-06]",0.625326812049309,COMPLETE,4,1,2L2A_COUPLED_FREEC,legacy_price_return_abs_time
96,3.3393644666669214e-06,0.11237276968695986,0.7723742863935829,-1.740718791534002,39.352805258551776,0.023829381193255894,0.11237276968695986,0.7723742863935829,-1.740718791534002,39.352805258551776,0.023829381193255894,3.6667,"[4.167121461311588e-06, 3.078757895220235e-06, 2.772214043468941e-06]",0.6250279860095382,COMPLETE,4,1,2L2A_COUPLED_FREEC,legacy_price_return_abs_time
57,3.34225943011751e-06,0.9977214794432341,1.3719569849718067,-0.7883998315358054,47.628359361548256,0.07435341762170057,0.9977214794432341,1.3719569849718067,-0.7883998315358054,47.628359361548256,0.07435341762170057,3.6667,"[4.230320298083148e-06, 3.049389660238747e-06, 2.747068332030636e-06]",0.6251378808547856,COMPLETE,4,1,2L2A_COUPLED_FREEC,legacy_price_return_abs_time
16,3.343406945618777e-06,1.1074254425161203,1.8017479927076379,-0.7123166522791295,47.16227915721651,0.09212192016781637,1.1074254425161203,1.8017479927076379,-0.7123166522791295,47.16227915721651,0.09212192016781637,3.6667,"[4.156677126512927e-06, 3.0896823479924404e-06, 2.7838613623509642e-06]",0.6244692657617968,COMPLETE,4,1,2L2A_COUPLED_FREEC,legacy_price_return_abs_time
149,3.344780574494638e-06,1.434003790356125,0.3835647107257984,-1.8198024297309348,44.55034998721788,0.014203416709553664,1.434003790356125,0.3835647107257984,-1.8198024297309348,44.55034998721788,0.014203416709553664,3.6667,"[4.170689241535826e-06, 3.094588000744776e-06, 2.7690644812033126e-06]",0.6243298054950096,COMPLETE,4,1,2L2A_COUPLED_FREEC,legacy_price_return_abs_time
146,3.345925642818154e-06,1.4497472082683354,0.3660263216659951,-1.723327971921462,44.600925308725664,0.02191621124277431,1.4497472082683354,0.3660263216659951,-1.723327971921462,44.600925308725664,0.02191621124277431,3.6667,"[4.168376662272064e-06, 3.0982162871995742e-06, 2.7711839789828246e-06]",0.6241698123640276,COMPLETE,4,1,2L2A_COUPLED_FREEC,legacy_price_return_abs_time
13,3.3470188430595627e-06,1.540647767487906,4.105102437572443,-0.9383106877847304,43.358446009930404,0.0844372242108057,1.540647767487906,4.105102437572443,-0.9383106877847304,43.358446009930404,0.0844372242108057,3.66667,"[4.153443408820862e-06, 3.093431052348684e-06, 2.7941820680091425e-06]",0.6240345673217145,COMPLETE,4,1,2L2A_COUPLED_FREEC,legacy_price_return_abs_time
98,3.349135368169535e-06,0.12067267478188269,1.340410615401586,-1.875506780831973,43.00435197261626,0.024390641832223694,0.12067267478188269,1.340410615401586,-1.875506780831973,43.00435197261626,0.024390641832223694,3.66667,"[4.149269812186933e-06, 3.0949942696606796e-06, 2.8031420226609932e-06]",0.6237768019670158,COMPLETE,4,1,2L2A_COUPLED_FREEC,legacy_price_return_abs_time
134,3.3495462721966124e-06,2.1430586813807344,0.688986052134165,-1.9946319185522075,50.978469430124065,0.02644516361214432,2.1430586813807344,0.688986052134165,-1.9946319185522075,50.978469430124065,0.02644516361214432,3.6667,"[4.1128138514863165e-06, 3.1293367019733856e-06, 2.8064882631301348e-06]",0.6233577517882953,COMPLETE,4,1,2L2A_COUPLED_FREEC,legacy_price_return_abs_time
54,3.350343764863515e-06,2.5819158484662488,1.3894901806430318,-1.2570785686175154,47.73220816792823,0.07375168481901591,2.5819158484662488,1.3894901806430318,-1.2570785686175154,47.73220816792823,0.07375168481901591,3.66667,"[4.119060576633663e-06, 3.1189182394653896e-06, 2.813052478491492e-06]",0.6233674737507,COMPLETE,4,1,2L2A_COUPLED_FREEC,legacy_price_return_abs_time
118,3.3511288445496333e-06,0.28924828337254754,1.2488403914077575,-1.6971955010710928,44.955860528069366,0.04677006316952446,0.28924828337254754,1.2488403914077575,-1.6971955010710928,44.955860528069366,0.04677006316952446,3.33337,"[4.1265805361376404e-06, 3.111648744739339e-06, 2.815157252771919e-06]",0.6233598095198513,COMPLETE,4,1,2L2A_COUPLED_FREEC,legacy_price_return_abs_time
25,3.3512604665201332e-06,3.0017097982060688,1.0774924509022967,-1.3566091856109759,30.155311856152867,0.02561437576455761,3.0017097982060688,1.0774924509022967,-1.3566091856109759,30.155311856152867,0.02561437576455761,3.6667,"[4.188022000326433e-06, 3.0921837726589593e-06, 2.7735756265750086e-06]",0.623694608407154,COMPLETE,4,1,2L2A_COUPLED_FREEC,legacy_price_return_abs_time
108,3.351881780337109e-06,0.01659610457909573,1.544045142771991,-1.899758479176133,48.072173242668136,0.03897461331237877,0.01659610457909573,1.544045142771991,-1.899758479176133,48.072173242668136,0.03897461331237877,3.33337,"[4.120199931518771e-06, 3.119245252445695e-06, 2.816200157046861e-06]",0.6232001273053829,COMPLETE,4,1,2L2A_COUPLED_FREEC,legacy_price_return_abs_time
79,3.3541223037684096e-06,0.6159703089739473,1.8810538443927498,-1.5095237754882238,36.341953314263954,0.052122013434507,0.6159703089739473,1.8810538443927498,-1.5095237754882238,36.341953314263954,0.052122013434507,3.33337,"[4.111740564887523e-06, 3.126419318474624e-06, 2.8242070279430824e-06]",0.6228732807684799,COMPLETE,4,1,2L2A_COUPLED_FREEC,legacy_price_return_abs_time
77,3.3557200402261427e-06,0.2561891425110476,1.6699644478001,-1.810066634600103,51.05279009715418,0.020391094105457037,0.2561891425110476,1.6699644478001,-1.810066634600103,51.05279009715418,0.020391094105457037,3.6667,"[4.272269377815964e-06, 3.041359263521589e-06, 2.753531479340876e-06]",0.6238606137773092,COMPLETE,4,1,2L2A_COUPLED_FREEC,legacy_price_return_abs_time
78,3.360332098478192e-06,0.6268705510230468,1.7031040411816607,-1.5205306188964336,36.25295767940058,0.05379594618657837,0.6268705510230468,1.7031040411816607,-1.5205306188964336,36.25295767940058,0.05379594618657837,3.33337,"[4.104744211612539e-06, 3.1354969647276973e-06, 2.8407551190943407e-06]",0.6221018254477043,COMPLETE,4,1,2L2A_COUPLED_FREEC,legacy_price_return_abs_time
99,3.361175226075138e-06,0.04872382222555117,0.6585753149476132,-1.7524141586408815,43.18859874799676,0.012546195645843488,0.04872382222555117,0.6585753149476132,-1.7524141586408815,43.18859874799676,0.012546195645843488,3.6667,"[4.285973696219782e-06, 3.040043488318465e-06, 2.7575084936871682e-06]",0.6233176954690446,COMPLETE,4,1,2L2A_COUPLED_FREEC,legacy_price_return_abs_time
36,3.3615481298683662e-06,2.124833302223611,2.845086844322993,-0.9811401139911413,69.09397705479995,0.10425361170605738,2.124833302223611,2.845086844322993,-0.9811401139911413,69.09397705479995,0.10425361170605738,3.33337,"[4.102664810682718e-06, 3.137779793524647e-06, 2.8441997853977343e-06]",0.621944671665756,COMPLETE,4,1,2L2A_COUPLED_FREEC,legacy_price_return_abs_time
126,3.3625490489406094e-06,0.9154731944006779,0.9668492777590675,-1.8036243246480872,45.809286378800024,0.011807906781379647,0.9154731944006779,0.9668492777590675,-1.8036243246480872,45.809286378800024,0.011807906781379647,3.6999999999999997,"[4.276469105146634e-06, 3.0447618299146062e-06, 2.7664162117605877e-06]",0.6231004103112706,COMPLETE,4,1,2L2A_COUPLED_FREEC,legacy_price_return_abs_time
56,3.3625921418420943e-06,1.12007607841765,1.3634386777797818,-0.80593049753789,48.41761997450701,0.06977810620095032,1.12007607841765,1.3634386777797818,-0.80593049753789,48.41761997450701,0.06977810620095032,3.6999999999999997,"[4.279858103643229e-06, 3.043899359016909e-06, 2.7640189628661446e-06]",0.6231133998939492,COMPLETE,4,1,2L2A_COUPLED_FREEC,legacy_price_return_abs_time
141,3.3632440596350398e-06,0.78935217349471,0.2211664275500127,-1.5842735662029095,46.658018733169534,0.02764401535104785,0.78935217349471,0.2211664275500127,-1.5842735662029095,46.658018733169534,0.02764401535104785,3.6999999999999997,"[4.226030657404614e-06, 3.070125240239173e-06, 2.793576281261333e-06]",0.6226687884073543,COMPLETE,4,1,2L2A_COUPLED_FREEC,legacy_price_return_abs_time
113,3.3650388836899614e-06,0.22828827185643036,2.200162932404491,-1.2332520913950866,31.238736973302075,0.03352915965165253,0.22828827185643036,2.200162932404491,-1.2332520913950866,31.238736973302075,0.03352915965165253,3.6999999999999997,"[4.2896878269103566e-06, 3.0391783955138264e-06, 2.766250428645701e-06]",0.6229125093149853,COMPLETE,4,1,2L2A_COUPLED_FREEC,legacy_price_return_abs_time
144,3.36529707097071e-06,0.46136943096687316,1.7547929555538404,-1.724163466241888,49.22065988326489,0.021432267659416596,0.46136943096687316,1.7547929555538404,-1.724163466241888,49.22065988326489,0.021432267659416596,3.6999999999999997,"[4.286763636394921e-06, 3.0395292699380933e-06, 2.769598306579116e-06]",0.6228717628662043,COMPLETE,4,1,2L2A_COUPLED_FREEC,legacy_price_return_abs_time
85,3.366371071108879e-06,4.869268494368729,0.7241894783031012,-1.1659064564339818,33.569349870880586,0.08565006272938028,4.869268494368729,0.7241894783031012,-1.1659064564339818,33.569349870880586,0.08565006272938028,36.66666667,"[3.8210270297041385e-06, 3.2396760265043308e-06, 3.038410157118168e-06]",0.6197218018551788,COMPLETE,4,1,2L2A_COUPLED_FREEC,legacy_price_return_abs_time
23,3.3691892981316495e-06,0.010077164912800345,1.0020977205707018,-1.3748134811687271,32.191557147369316,0.0212906323902403,0.010077164912800345,1.0020977205707018,-1.3748134811687271,32.191557147369316,0.0212906323902403,3.6999999999999997,"[4.287515481908866e-06, 3.037673085490079e-06, 2.7823793269960036e-06]",0.6224607181460499,COMPLETE,4,1,2L2A_COUPLED_FREEC,legacy_price_return_abs_time
26,3.3696208613145415e-06,4.404832669720182,1.057744742937502,-1.4252130223914314,31.433969187322713,0.01850770696029396,4.404832669720182,1.057744742937502,-1.4252130223914314,31.433969187322713,0.01850770696029396,3.6999999999999997,"[4.183154000962514e-06, 3.1200769783579906e-06, 2.8056316046231195e-06]",0.6214592077169215,COMPLETE,4,1,2L2A_COUPLED_FREEC,legacy_price_return_abs_time
48,3.370339650897705e-06,2.3108693682772556,0.5382386712129422,-1.9273413233612648,55.61874203399123,0.010224750081863585,2.3108693682772556,0.5382386712129422,-1.9273413233612648,55.61874203399123,0.010224750081863585,3.6999999999999997,"[4.210165382438525e-06, 3.0656005068444104e-06, 2.83525306341018e-06]",0.6218697649055333,COMPLETE,4,1,2L2A_COUPLED_FREEC,legacy_price_return_abs_time
21,3.3706640534237766e-06,0.40435268659169155,3.2786897348264543,-1.8295363844858095,41.69905792202143,0.0404567072719185,0.40435268659169155,3.2786897348264543,-1.8295363844858095,41.69905792202143,0.0404567072719185,3.3333399999999997,"[4.1052898273624115e-06, 3.140601159578429e-06, 2.866101173330489e-06]",0.6209324396956374,COMPLETE,4,1,2L2A_COUPLED_FREEC,legacy_price_return_abs_time
14,3.3708464500756715e-06,1.25352796187774,25.662087811066144,-0.70782792374775,22.019055431976152,0.09862617900422183,1.25352796187774,25.662087811066144,-0.70782792374775,22.019055431976152,0.09862617900422183,3.3333399999999997,"[4.105559425241363e-06, 3.141444738937883e-06, 2.8655351860477687e-06]",0.6209071592709263,COMPLETE,4,1,2L2A_COUPLED_FREEC,legacy_price_return_abs_time
75,3.3717130055589802e-06,0.1575105162314533,1.132926328947951,-1.7956049045952334,31.958556818983052,0.02066754617244903,0.1575105162314533,1.132926328947951,-1.7956049045952334,31.958556818983052,0.02066754617244903,3.3333399999999997,"[4.103614011466885e-06, 3.1436708179893683e-06, 2.8678541872206873e-06]",0.6207892251009272,COMPLETE,4,1,2L2A_COUPLED_FREEC,legacy_price_return_abs_time
117,3.3720336436381976e-06,2.8311404711167163,2.961954121283621,-1.4939989161434442,40.09635653995194,0.0218448473905176,2.8311404711167163,2.961954121283621,-1.4939989161434442,40.09635653995194,0.0218448473905176,3.6999999999999997,"[4.260787358018496e-06, 3.0428687219386383e-06, 2.8124448509574587e-06]",0.6220205718240303,COMPLETE,4,1,2L2A_COUPLED_FREEC,legacy_price_return_abs_time
102,3.3727272754814597e-06,0.057903465998384425,0.48658535111096823,-1.4345095042263765,32.87527173261888,0.015696133717811846,0.057903465998384425,0.48658535111096823,-1.4345095042263765,32.87527173261888,0.015696133717811846,3.6999999999999997,"[4.280611105624515e-06, 3.0383435644755512e-06, 2.7992271563443118e-06]",0.6220442916514806,COMPLETE,4,1,2L2A_COUPLED_FREEC,legacy_price_return_abs_time
61,3.3741726330767475e-06,0.3188229255463208,0.06356925311272005,-1.524124465054218,34.27396477611931,0.016165991806392978,0.3188229255463208,0.06356925311272005,-1.524124465054218,34.27396477611931,0.016165991806392978,3.6999999999999997,"[4.170078909954521e-06, 3.140980348184212e-06, 2.8114586410915095e-06]",0.6207627409903829,COMPLETE,4,1,2L2A_COUPLED_FREEC,legacy_price_return_abs_time
24,3.3756464016661452e-06,3.5076243579503865,3.8582563291764513,-1.4349036965964788,41.237154492708264,0.026448465047618663,3.5076243579503865,3.8582563291764513,-1.4349036965964788,41.237154492708264,0.026448465047618663,3.6999999999999997,"[4.258660942631607e-06, 3.0427644618929384e-06, 2.8255138004738903e-06]",0.6216176917806843,COMPLETE,4,1,2L2A_COUPLED_FREEC,legacy_price_return_abs_time
133,3.376687463788469e-06,1.8961591949854313,0.3164565282531477,-1.9868407759210065,51.59370663554289,0.058084696109519794,1.8961591949854313,0.3164565282531477,-1.9868407759210065,51.59370663554289,0.058084696109519794,33.66666667,"[3.888630333894446e-06, 3.2017232959461575e-06, 3.0397087615248028e-06]",0.6190948538375868,COMPLETE,4,1,2L2A_COUPLED_FREEC,legacy_price_return_abs_time
94,3.3790939202992067e-06,0.10764938107049112,1.1717632386127055,-1.5758425842997654,39.297048428139924,0.06365092023388318,0.10764938107049112,1.1717632386127055,-1.5758425842997654,39.297048428139924,0.06365092023388318,33.333337,"[4.097895622192419e-06, 3.145394169223889e-06, 2.8939919694813105e-06]",0.6199473447519303,COMPLETE,4,1,2L2A_COUPLED_FREEC,legacy_price_return_abs_time
76,3.3792699184968457e-06,0.25288628070843777,1.8405518542068955,-1.8480313519032565,32.0028720797326,0.019914617776326186,0.25288628070843777,1.8405518542068955,-1.8480313519032565,32.0028720797326,0.019914617776326186,33.333337,"[4.097465400518353e-06, 3.1457939285530765e-06, 2.894550426419108e-06]",0.6199236570377128,COMPLETE,4,1,2L2A_COUPLED_FREEC,legacy_price_return_abs_time
93,3.3801757149452698e-06,0.38955876303328724,3.887581349029088,-1.6080266730537667,39.37313207631013,0.06158512598682437,0.38955876303328724,3.887581349029088,-1.6080266730537667,39.37313207631013,0.06158512598682437,33.333337,"[4.097255065548655e-06, 3.145435838399425e-06, 2.89783624088773e-06]",0.6198261613468863,COMPLETE,4,1,2L2A_COUPLED_FREEC,legacy_price_return_abs_time
123,3.380675063390946e-06,0.14012389373703074,1.6388184210970074,-1.2630510652034153,32.80161140963818,0.0788202130093171,0.14012389373703074,1.6388184210970074,-1.2630510652034153,32.80161140963818,0.0788202130093171,33.333337,"[4.097133915856771e-06, 3.14539486583579e-06, 2.899496408480276e-06]",0.6197712519778124,COMPLETE,4,1,2L2A_COUPLED_FREEC,legacy_price_return_abs_time
135,3.3816160757294943e-06,2.1647350841291284,0.6676766431732348,-1.9664149815195175,49.93003045993146,0.05536156085599488,2.1647350841291284,0.6676766431732348,-1.9664149815195175,49.93003045993146,0.05536156085599488,33.33333667,"[3.986532363803894e-06, 3.1724746795456606e-06, 2.9858411838389284e-06]",0.6190975254213119,COMPLETE,4,1,2L2A_COUPLED_FREEC,legacy_price_return_abs_time
91,3.382765870603923e-06,0.4254378551070011,0.15724763885638146,-1.3617760995014256,25.21182497614467,0.06396040070386699,0.4254378551070011,0.15724763885638146,-1.3617760995014256,25.21182497614467,0.06396040070386699,33.66666667,"[3.914275768463316e-06, 3.1902509461673618e-06, 3.043770897181091e-06]",0.6185980386076878,COMPLETE,4,1,2L2A_COUPLED_FREEC,legacy_price_return_abs_time
63,3.385140216646512e-06,0.32983007967078715,0.0711804932022456,0.8158350305072999,34.678941972620436,0.05242100702787194,0.32983007967078715,0.0711804932022456,0.8158350305072999,34.678941972620436,0.05242100702787194,3.6999999999999997,"[4.165985913048123e-06, 3.074718530425848e-06, 2.9147162064655665e-06]",0.6200300317354297,COMPLETE,4,1,2L2A_COUPLED_FREEC,legacy_price_return_abs_time
128,3.3854764602351975e-06,13.709128685999334,1.4400569276998056,-1.7932811759268827,42.23872301341642,0.03854200551426212,13.709128685999334,1.4400569276998056,-1.7932811759268827,42.23872301341642,0.03854200551426212,36.66666667,"[3.843049931246811e-06, 3.274095669804368e-06, 3.039283779654414e-06]",0.6174474335094157,COMPLETE,4,1,2L2A_COUPLED_FREEC,legacy_price_return_abs_time
89,3.386300984819421e-06,3.5239033560872723,0.375026162491199,-1.338551558366921,50.11757046399876,0.04313062306190617,3.5239033560872723,0.375026162491199,-1.338551558366921,50.11757046399876,0.04313062306190617,3.6999999999999997,"[4.128821422428726e-06, 3.1688455215123464e-06, 2.86123601051719e-06]",0.61908897098234,COMPLETE,4,1,2L2A_COUPLED_FREEC,legacy_price_return_abs_time
148,3.3883679625597275e-06,0.4304435951338012,0.3855811862891484,-1.707413904850153,49.50424151278923,0.01406026574044931,0.4304435951338012,0.3855811862891484,-1.707413904850153,49.50424151278923,0.01406026574044931,3.6999999999999997,"[4.244940034556781e-06, 3.0462037394639545e-06, 2.8739601136584465e-06]",0.6201502055728226,COMPLETE,4,1,2L2A_COUPLED_FREEC,legacy_price_return_abs_time
69,3.389922516124008e-06,1.6337881186208048,3.2053414149038235,1.0097765262356477,28.161020851650566,0.09515592642971739,1.6337881186208048,3.2053414149038235,1.0097765262356477,28.161020851650566,0.09515592642971739,33.33333667,"[4.07196655825587e-06, 3.1513852044368027e-06, 2.9464157856793516e-06]",0.6186278351617908,COMPLETE,4,1,2L2A_COUPLED_FREEC,legacy_price_return_abs_time
143,3.390964244917628e-06,2.758274304187666,0.28825223138642936,-1.5828686738570819,57.85831949687625,0.028789547768714042,2.758274304187666,0.28825223138642936,-1.5828686738570819,57.85831949687625,0.028789547768714042,3.6999999999999997,"[4.1154106335441555e-06, 3.130314758579306e-06, 2.927167342629422e-06]",0.6188139063128456,COMPLETE,4,1,2L2A_COUPLED_FREEC,legacy_price_return_abs_time
60,3.3911763295859946e-06,0.28298288136334754,0.051060581925212595,-1.5258688499692912,43.767353995440146,0.01679112390946512,0.28298288136334754,0.051060581925212595,-1.5258688499692912,43.767353995440146,0.01679112390946512,3.6999999999999997,"[4.13617977875153e-06, 3.0894513725105254e-06, 2.9478978374959275e-06]",0.6191594749850639,COMPLETE,4,1,2L2A_COUPLED_FREEC,legacy_price_return_abs_time
104,3.393799802864767e-06,0.14499396170716822,0.8460773230503719,-1.4243689116612421,37.12075761169594,0.017868867659286414,0.14499396170716822,0.8460773230503719,-1.4243689116612421,37.12075761169594,0.017868867659286414,3.6999999999999997,"[4.2600946427287955e-06, 3.0447047685693766e-06, 2.87659999729613e-06]",0.6196160721265782,COMPLETE,4,1,2L2A_COUPLED_FREEC,legacy_price_return_abs_time
142,3.393930537372908e-06,2.7893327981631555,0.28034198970882357,-1.585426109487044,59.16675899195414,0.028630714448837722,2.7893327981631555,0.28034198970882357,-1.585426109487044,59.16675899195414,0.028630714448837722,3.6999999999999997,"[4.108216226836408e-06, 3.131149875599487e-06, 2.9424255096828285e-06]",0.6184580388331605,COMPLETE,4,1,2L2A_COUPLED_FREEC,legacy_price_return_abs_time
121,3.394518734076438e-06,1.3176452902021176,0.6174020940593122,0.5223509240485823,28.13026553505914,0.04869010557895827,1.3176452902021176,0.6174020940593122,0.5223509240485823,28.13026553505914,0.04869010557895827,6.7,"[4.085067960285758e-06, 3.1116787822229955e-06, 2.9868094597205612e-06]",0.6184579868632304,COMPLETE,4,1,2L2A_COUPLED_FREEC,legacy_price_return_abs_time
122,3.3948195057033783e-06,7.95856918198192,0.9017283870350569,0.2555427145231849,46.23785043271373,0.050164749651153896,7.95856918198192,0.9017283870350569,0.2555427145231849,46.23785043271373,0.050164749651153896,6.7,"[3.957552828660622e-06, 3.1529750244256427e-06, 3.0739306640238713e-06]",0.6176935859486611,COMPLETE,4,1,2L2A_COUPLED_FREEC,legacy_price_return_abs_time
90,3.395424758570659e-06,3.4931064684817397,1.3134465025339535,-1.3548086824108232,25.875670745151318,0.07009580384130816,3.4931064684817397,1.3134465025339535,-1.3548086824108232,25.875670745151318,0.07009580384130816,36.66666667,"[3.945423766506198e-06, 3.1876716534236037e-06, 3.053178855782176e-06]",0.6173325173649117,COMPLETE,4,1,2L2A_COUPLED_FREEC,legacy_price_return_abs_time
105,3.395506909380094e-06,0.07284369718250253,0.47826307288452147,-1.438933679074743,37.09434994314066,0.016365795544882107,0.07284369718250253,0.47826307288452147,-1.438933679074743,37.09434994314066,0.016365795544882107,3.6999999999999997,"[4.259135860303103e-06, 3.045359682744667e-06, 2.882025185092513e-06]",0.6194207062671092,COMPLETE,4,1,2L2A_COUPLED_FREEC,legacy_price_return_abs_time
4,3.3974472448350493e-06,9.292092233472838,0.8809765182469013,-0.8402315259520279,56.106469562005095,0.04691103426079233,9.292092233472838,0.8809765182469013,-0.8402315259520279,56.106469562005095,0.04691103426079233,6.7,"[4.022590113323838e-06, 3.119748659969792e-06, 3.050002961211519e-06]",0.6178672196199272,COMPLETE,4,1,2L2A_COUPLED_FREEC,legacy_price_return_abs_time
27,3.3985305994751506e-06,3.8635526578176442,1.9549813923126316,-1.4277320151603095,52.02946826210639,0.023609560646383157,3.8635526578176442,1.9549813923126316,-1.4277320151603095,52.02946826210639,0.023609560646383157,6.7,"[4.16136121880604e-06, 3.0828635431447873e-06, 2.951367036474624e-06]",0.618485346638806,COMPLETE,4,1,2L2A_COUPLED_FREEC,legacy_price_return_abs_time
66,3.4001334712724382e-06,1.6546596737499781,2.1513671767249525,1.0376199988840997,29.442915529653863,0.029636019952034194,1.6546596737499781,2.1513671767249525,1.0376199988840997,29.442915529653863,0.029636019952034194,6.7,"[4.20281904793945e-06, 3.06534027624658e-06, 2.932241089631284e-06]",0.6185771997756783,COMPLETE,4,1,2L2A_COUPLED_FREEC,legacy_price_return_abs_time
68,3.4008047744102162e-06,1.740628771900843,2.8986812585566684,1.0520062833055912,28.415251537940343,0.029698675990581774,1.740628771900843,2.8986812585566684,1.0520062833055912,28.415251537940343,0.029698675990581774,6.7,"[4.223631977220686e-06, 3.055980930840555e-06, 2.922801415169407e-06]",0.6186420630058627,COMPLETE,4,1,2L2A_COUPLED_FREEC,legacy_price_return_abs_time
17,3.402226005433487e-06,1.2621981859512414,1.5666140671248165,-0.48939317593587395,45.53207026651211,0.05758090459836511,1.2621981859512414,1.5666140671248165,-0.48939317593587395,45.53207026651211,0.05758090459836511,6.7,"[4.182724507275331e-06, 3.0837281568408478e-06, 2.9402253521842816e-06]",0.618145391834099,COMPLETE,4,1,2L2A_COUPLED_FREEC,legacy_price_return_abs_time
65,3.4027598691682663e-06,0.48222365291885977,2.308429200009575,1.0798083942293626,30.145720000421264,0.02866724989015418,0.48222365291885977,2.308429200009575,1.0798083942293626,30.145720000421264,0.02866724989015418,6.7,"[4.2283940761677855e-06, 3.060296239776816e-06, 2.9195892915601973e-06]",0.6184119658735399,COMPLETE,4,1,2L2A_COUPLED_FREEC,legacy_price_return_abs_time
112,3.4036650048305372e-06,0.21055799761308505,2.280211814785161,-1.0481962294186609,31.155231873605413,0.032618040596909204,0.21055799761308505,2.280211814785161,-1.0481962294186609,31.155231873605413,0.032618040596909204,6.7,"[4.237786320613941e-06, 3.0582249871939976e-06, 2.9149837066836725e-06]",0.6183594037322808,COMPLETE,4,1,2L2A_COUPLED_FREEC,legacy_price_return_abs_time
62,3.4038697243619545e-06,0.48135437810128906,5.387163998257616,0.7482977054360243,45.14560745148548,0.05419438160091542,0.48135437810128906,5.387163998257616,0.7482977054360243,45.14560745148548,0.05419438160091542,6.7,"[4.228550059913788e-06, 3.0639068064884224e-06, 2.919152306683654e-06]",0.6182642777674551,COMPLETE,4,1,2L2A_COUPLED_FREEC,legacy_price_return_abs_time
41,3.410700542381886e-06,0.09066838352329253,1.5271392134024937,-0.6628306055207747,27.077112957163873,0.04008492129102714,0.09066838352329253,1.5271392134024937,-0.6628306055207747,27.077112957163873,0.04008492129102714,6.7,"[4.129305800305121e-06, 3.142160265186791e-06, 2.9606355616537466e-06]",0.6166080674072603,COMPLETE,4,1,2L2A_COUPLED_FREEC,legacy_price_return_abs_time
111,3.4111772621991315e-06,0.22883207289195015,1.9425985515856568,-1.0500930078153914,48.50140048857701,0.0330715759430063,0.22883207289195015,1.9425985515856568,-1.0500930078153914,48.50140048857701,0.0330715759430063,6.7,"[4.122218144420028e-06, 3.1478174619752994e-06, 2.9634961802020675e-06]",0.6164905044868356,COMPLETE,4,1,2L2A_COUPLED_FREEC,legacy_price_return_abs_time
35,3.4124727529994813e-06,0.7315749825006027,6.97163557408185,-1.0179574932383266,62.76119533902288,0.12014087216089396,0.7315749825006027,6.97163557408185,-1.0179574932383266,62.76119533902288,0.12014087216089396,33.666667,"[4.096226449102653e-06, 3.1450490260879226e-06, 2.9961427838078677e-06]",0.6162810753521647,COMPLETE,4,1,2L2A_COUPLED_FREEC,legacy_price_return_abs_time
110,3.414415745503689e-06,0.18334722687620397,2.0787142070681264,-1.0491491427927635,48.77736264752017,0.03129081171010875,0.18334722687620397,2.0787142070681264,-1.0491491427927635,48.77736264752017,0.03129081171010875,6.7,"[4.098719288387328e-06, 3.17175850092865e-06, 2.9727694471950903e-06]",0.6158808505335577,COMPLETE,4,1,2L2A_COUPLED_FREEC,legacy_price_return_abs_time
103,3.4186499878059717e-06,0.05572360718520971,0.5094644856199199,1.384895424515289,55.570252374209794,0.0172794979957278,0.05572360718520971,0.5094644856199199,1.384895424515289,55.570252374209794,0.0172794979957278,6.7,"[4.072515653244372e-06, 3.1998731512769355e-06, 2.983561158896607e-06]",0.6151222799299877,COMPLETE,4,1,2L2A_COUPLED_FREEC,legacy_price_return_abs_time
107,3.42157212016727e-06,0.07788367297175577,1.5465969120742256,-1.885018800562961,37.468124803766784,0.04566413746144587,0.07788367297175577,1.5465969120742256,-1.885018800562961,37.468124803766784,0.04566413746144587,33.666667,"[4.102106133873688e-06, 3.1444985004292524e-06, 3.0181117261988697e-06]",0.6153062836560738,COMPLETE,4,1,2L2A_COUPLED_FREEC,legacy_price_return_abs_time
80,3.4250013377875262e-06,0.6649038495167284,0.24424650984471935,-1.54989685111962,23.26778507379532,0.048661889390886906,0.6649038495167284,0.24424650984471935,-1.54989685111962,23.26778507379532,0.048661889390886906,36.66666667,"[3.999416157744396e-06, 3.1935897469995786e-06, 3.0819981086186045e-06]",0.6142251076760529,COMPLETE,4,1,2L2A_COUPLED_FREEC,legacy_price_return_abs_time
139,3.4258558692670085e-06,1.0347097196828277,0.18730378868134717,-1.888285373036339,54.909355659988066,0.08467308211148511,1.0347097196828277,0.18730378868134717,-1.888285373036339,54.909355659988066,0.08467308211148511,36.66666667,"[4.014360361999911e-06, 3.1899348473383113e-06, 3.073272398462802e-06]",0.6142083754843871,COMPLETE,4,1,2L2A_COUPLED_FREEC,legacy_price_return_abs_time
64,3.429541790510908e-06,0.5455239371772923,5.347279183733041,0.8115093436963583,33.928477821691295,0.029104652997359,0.5455239371772923,5.347279183733041,0.8115093436963583,33.928477821691295,0.029104652997359,6.7,"[4.036522311740129e-06, 3.2515172552231997e-06, 3.0005858045693936e-06]",0.6134279927191876,COMPLETE,4,1,2L2A_COUPLED_FREEC,legacy_price_return_abs_time
137,3.429560432871672e-06,1.5173298468510197,0.20081499786245174,-1.8907751988408192,54.72424133099883,0.09191303589058701,1.5173298468510197,0.20081499786245174,-1.8907751988408192,54.72424133099883,0.09191303589058701,36.66667,"[3.979140237590263e-06, 3.2080161599636773e-06, 3.101524901061075e-06]",0.6135509738754066,COMPLETE,4,1,2L2A_COUPLED_FREEC,legacy_price_return_abs_time
37,3.432788617663883e-06,0.8757020496460534,0.3219921746444228,-0.973343537227893,42.71806803693325,0.12579804348230553,0.8757020496460534,0.3219921746444228,-0.973343537227893,42.71806803693325,0.12579804348230553,36.666667,"[4.0667347641597e-06, 3.169399003536485e-06, 3.0622320852954628e-06]",0.6137740892174562,COMPLETE,4,1,2L2A_COUPLED_FREEC,legacy_price_return_abs_time
92,3.439697987205276e-06,8.303323139326773,3.656696761035106,-1.603177663700794,14.391594988296102,0.0670690669872726,8.303323139326773,3.656696761035106,-1.603177663700794,14.391594988296102,0.0670690669872726,6.666666670000001,"[3.925285760677989e-06, 3.146167409996797e-06, 3.2476407909410426e-06]",0.6127095422296611,COMPLETE,4,1,2L2A_COUPLED_FREEC,legacy_price_return_abs_time
140,3.4402627971082643e-06,2.9009269880410233,0.19157515672194853,-1.8925536753795615,58.11763663794236,0.028025116639355176,2.9009269880410233,0.19157515672194853,-1.8925536753795615,58.11763663794236,0.028025116639355176,33.699999999999996,"[4.0553730023392565e-06, 3.2913582244320626e-06, 2.974057164553474e-06]",0.6120234345634394,COMPLETE,4,1,2L2A_COUPLED_FREEC,legacy_price_return_abs_time
72,3.4420394720166957e-06,10.364325588959227,0.980945282135731,1.6595662257404753,41.050616740629074,0.1611407503501622,10.364325588959227,0.980945282135731,1.6595662257404753,41.050616740629074,0.1611407503501622,6.666666670000001,"[3.952840693539849e-06, 3.1633346784136846e-06, 3.2099430440965527e-06]",0.6124197637156987,COMPLETE,4,1,2L2A_COUPLED_FREEC,legacy_price_return_abs_time
138,3.445831936823972e-06,1.0799578639369538,0.22011766090154863,-1.869331267200818,47.06435907649281,0.09454705556131934,1.0799578639369538,0.22011766090154863,-1.869331267200818,47.06435907649281,0.09454705556131934,36.66667,"[4.036868763414199e-06, 3.187774430087233e-06, 3.1128526169704837e-06]",0.612107676083642,COMPLETE,4,1,2L2A_COUPLED_FREEC,legacy_price_return_abs_time
70,3.4461894862617784e-06,9.975876298116262,0.9538963458914004,1.5447959484956364,53.73021373214843,0.13004668513899073,9.975876298116262,0.9538963458914004,1.5447959484956364,53.73021373214843,0.13004668513899073,36.66667,"[4.019375304335876e-06, 3.1923914285341906e-06, 3.126801725915269e-06]",0.6119757674739607,COMPLETE,4,1,2L2A_COUPLED_FREEC,legacy_price_return_abs_time
71,3.4594082039074265e-06,0.04402562467297053,0.9501630203023839,-0.5610316409758445,40.93899046163464,0.1550382748176393,0.04402562467297053,0.9501630203023839,-0.5610316409758445,40.93899046163464,0.1550382748176393,36.666667,"[4.148783178213154e-06, 3.145673965707437e-06, 3.0837674678016877e-06]",0.6113024953064465,COMPLETE,4,1,2L2A_COUPLED_FREEC,legacy_price_return_abs_time
6,3.4610321122398298e-06,0.07298732538297831,11.065424920724205,0.1891803816287818,17.574815984183,0.22921273531916297,0.07298732538297831,11.065424920724205,0.1891803816287818,17.574815984183,0.22921273531916297,36.666667,"[4.069841904201897e-06, 3.1484653951304684e-06, 3.1647890373871234e-06]",0.6108380871913844,COMPLETE,4,1,2L2A_COUPLED_FREEC,legacy_price_return_abs_time
82,3.4611759805809114e-06,0.33708558570074854,0.7379636035041605,-1.1456328593496787,44.6897696085447,0.014107218046918491,0.33708558570074854,0.7379636035041605,-1.1456328593496787,44.6897696085447,0.014107218046918491,6.7,"[4.008536253607744e-06, 3.346036239624484e-06, 3.0289554485105045e-06]",0.6091706465874069,COMPLETE,4,1,2L2A_COUPLED_FREEC,legacy_price_return_abs_time
101,3.4646763822978093e-06,1.9772685221744817,2.5967755061678175,-1.9948022539980172,42.746730754538156,0.11431001411065957,1.9772685221744817,2.5967755061678175,-1.9948022539980172,42.746730754538156,0.11431001411065957,36.666667,"[4.097492980550637e-06, 3.152741267352352e-06, 3.1437948989904375e-06]",0.6104999596906374,COMPLETE,4,1,2L2A_COUPLED_FREEC,legacy_price_return_abs_time
100,3.4647135682320046e-06,0.04372520356500531,0.8371939807054868,-1.7304771064120523,56.626334075620846,0.11436075608835908,0.04372520356500531,0.8371939807054868,-1.7304771064120523,56.626334075620846,0.11436075608835908,36.666667,"[4.156530710171926e-06, 3.1458711465369058e-06, 3.0917388479871804e-06]",0.6107448970367075,COMPLETE,4,1,2L2A_COUPLED_FREEC,legacy_price_return_abs_time
15,3.4653178769692773e-06,0.5078184481137318,15.446558450125758,-0.4288578028890271,18.340844602113485,0.15788423472755697,0.5078184481137318,15.446558450125758,-0.4288578028890271,18.340844602113485,0.15788423472755697,36.666667,"[4.157252220463985e-06, 3.14594826986752e-06, 3.0927531405763273e-06]",0.6106804418567825,COMPLETE,4,1,2L2A_COUPLED_FREEC,legacy_price_return_abs_time
19,3.467142511634449e-06,1.3773785497957374,3.9710102441921498,-1.6876934240893433,26.272223886039722,0.06206972607783232,1.3773785497957374,3.9710102441921498,-1.6876934240893433,26.272223886039722,0.06206972607783232,36.666667,"[4.152682772361513e-06, 3.1496429545395643e-06, 3.0991018080022695e-06]",0.6104377854997702,COMPLETE,4,1,2L2A_COUPLED_FREEC,legacy_price_return_abs_time
49,3.4686742602159715e-06,19.04363724060833,0.7435404693796104,0.3666324749294502,56.9317009990872,0.18237938048118718,19.04363724060833,0.7435404693796104,0.3666324749294502,56.9317009990872,0.18237938048118718,6.66667,"[3.982837928550381e-06, 3.2212051173221423e-06, 3.2019797347753904e-06]",0.6091743801159819,COMPLETE,4,1,2L2A_COUPLED_FREEC,legacy_price_return_abs_time
20,3.47132465293236e-06,0.37733293448429706,29.34185631196328,-1.7885951296279408,23.998068773044075,0.06605509271386574,0.37733293448429706,29.34185631196328,-1.7885951296279408,23.998068773044075,0.06605509271386574,36.666667,"[4.133415556728373e-06, 3.147192463765476e-06, 3.1333659383032313e-06]",0.6099318731793044,COMPLETE,4,1,2L2A_COUPLED_FREEC,legacy_price_return_abs_time
47,3.4730122854087455e-06,6.569225050656739,0.6248846607784201,-1.9626304559381476,38.79994580936533,0.013026185406820597,6.569225050656739,0.6248846607784201,-1.9626304559381476,38.79994580936533,0.013026185406820597,36.67,"[4.006195285811221e-06, 3.31673967630749e-06, 3.096101894107525e-06]",0.6080780925713669,COMPLETE,4,1,2L2A_COUPLED_FREEC,legacy_price_return_abs_time
95,3.473300209446598e-06,0.11819504541240383,3.919744172934925,-1.6021982803401116,15.122889899282436,0.023897092073850584,0.11819504541240383,3.919744172934925,-1.6021982803401116,15.122889899282436,0.023897092073850584,36.666667,"[4.145248238454179e-06, 3.1462958921437358e-06, 3.1283564977418798e-06]",0.6097614605387517,COMPLETE,4,1,2L2A_COUPLED_FREEC,legacy_price_return_abs_time
31,3.475897011835211e-06,0.21376840928826105,0.5893202287130972,-0.3590730222668429,36.669821539913855,0.43256878916126723,0.21376840928826105,0.5893202287130972,-0.3590730222668429,36.669821539913855,0.43256878916126723,33.33333667,"[4.299922727141619e-06, 3.136599168712589e-06, 2.9911691396514253e-06]",0.6100681493115893,COMPLETE,4,1,2L2A_COUPLED_FREEC,legacy_price_return_abs_time
28,3.478303635297323e-06,0.19480547568278492,0.816380119468786,-1.4209178920103962,52.28380890288374,0.4337098473357567,0.19480547568278492,0.816380119468786,-1.4209178920103962,52.28380890288374,0.4337098473357567,36.66666667,"[4.308571316239505e-06, 3.142198665651696e-06, 2.9841409240007684e-06]",0.6097921896448303,COMPLETE,4,1,2L2A_COUPLED_FREEC,legacy_price_return_abs_time
42,3.4808876753077727e-06,0.09223117011495782,0.10947798670776727,0.11132281160618629,26.240985070591837,0.040720235838278294,0.09223117011495782,0.10947798670776727,0.11132281160618629,26.240985070591837,0.040720235838278294,6.7,"[3.9989209277223244e-06, 3.39338741677659e-06, 3.0503546814244023e-06]",0.6066286267278423,COMPLETE,4,1,2L2A_COUPLED_FREEC,legacy_price_return_abs_time
53,3.4858540736434233e-06,2.5095915571394936,2.5076544766075877,-1.2178286931826405,11.123214631399273,0.21069269265989893,2.5095915571394936,2.5076544766075877,-1.2178286931826405,11.123214631399273,0.21069269265989893,33.333333669999995,"[4.15473683184867e-06, 3.138433729394687e-06, 3.164391659686912e-06]",0.6084731891645542,COMPLETE,4,1,2L2A_COUPLED_FREEC,legacy_price_return_abs_time
8,3.490601806600146e-06,0.5674527378841361,0.4504742696879003,1.9801231909679884,12.580240587062002,0.01109325404877488,0.5674527378841361,0.4504742696879003,1.9801231909679884,12.580240587062002,0.01109325404877488,3.33333367,"[4.120215225555539e-06, 3.1383759351643222e-06, 3.213214259080579e-06]",0.6078363458591992,COMPLETE,4,1,2L2A_COUPLED_FREEC,legacy_price_return_abs_time
29,3.4948548253341957e-06,0.20270374342161981,2.1609052424632638,-0.2981030115156009,49.51140396253908,0.512691370341245,0.20270374342161981,2.1609052424632638,-0.2981030115156009,49.51140396253908,0.512691370341245,36.66666667,"[4.294378106819814e-06, 3.1540098933669825e-06, 3.03617647581579e-06]",0.6078415872293228,COMPLETE,4,1,2L2A_COUPLED_FREEC,legacy_price_return_abs_time
83,3.4963707111063842e-06,4.470339089494841,0.2512749148541463,-1.125946825694058,46.23294231039191,0.08545584506290466,4.470339089494841,0.2512749148541463,-1.125946825694058,46.23294231039191,0.08545584506290466,36.67,"[4.026454679115814e-06, 3.3355050457545213e-06, 3.127152408448818e-06]",0.6054455484937838,COMPLETE,4,1,2L2A_COUPLED_FREEC,legacy_price_return_abs_time
87,3.497004577547772e-06,5.1235249062721975,0.3957441817355477,-1.328105507441437,35.37186723470973,0.04339488112340356,5.1235249062721975,0.3957441817355477,-1.328105507441437,35.37186723470973,0.04339488112340356,33.699999999999996,"[4.0586763554287745e-06, 3.3372026338746946e-06, 3.095134743339847e-06]",0.6054720473587164,COMPLETE,4,1,2L2A_COUPLED_FREEC,legacy_price_return_abs_time
30,3.506755810517793e-06,0.1622513891029152,6.857942462763611,-0.2241640315315212,34.390540439416945,0.5295513507805757,0.1622513891029152,6.857942462763611,-0.2241640315315212,34.390540439416945,0.5295513507805757,36.66666667,"[4.290000110004135e-06, 3.160293521485958e-06, 3.0699738000632857e-06]",0.6064748035287476,COMPLETE,4,1,2L2A_COUPLED_FREEC,legacy_price_return_abs_time
67,3.524861297579286e-06,1.5795082592225873,2.4163194317888195,0.5785242702278086,29.384621843743076,0.026876935974800044,1.5795082592225873,2.4163194317888195,0.5785242702278086,29.384621843743076,0.026876935974800044,6.7,"[4.045683785480501e-06, 3.4665710228946503e-06, 3.0623290843627075e-06]",0.6014248125251486,COMPLETE,4,1,2L2A_COUPLED_FREEC,legacy_price_return_abs_time
106,3.5302770643728077e-06,0.022394469703130533,1.1931255348052419,-0.8747853471063255,37.55615702925677,0.017866249392203666,0.022394469703130533,1.1931255348052419,-0.8747853471063255,37.55615702925677,0.017866249392203666,6.7,"[4.071019482466169e-06, 3.464910674938213e-06, 3.0549010357140405e-06]",0.6009279002847184,COMPLETE,4,1,2L2A_COUPLED_FREEC,legacy_price_return_abs_time
84,3.531571844376792e-06,4.638987183674843,0.24778021074940104,-1.1350642885933566,45.52876160883628,0.03493045687888414,4.638987183674843,0.24778021074940104,-1.1350642885933566,45.52876160883628,0.03493045687888414,3.6999999999999997,"[4.123623129223967e-06, 3.3026734154966882e-06, 3.1684189884097207e-06]",0.6021496894405453,COMPLETE,4,1,2L2A_COUPLED_FREEC,legacy_price_return_abs_time
86,3.5318530486547844e-06,4.981410305111565,0.4002602156253832,-1.6748408240908812,34.01758427157848,0.035450645555869395,4.981410305111565,0.4002602156253832,-1.6748408240908812,34.01758427157848,0.035450645555869395,6.66667,"[4.062638887271482e-06, 3.331656509380966e-06, 3.2012637493119053e-06]",0.6017014979216226,COMPLETE,4,1,2L2A_COUPLED_FREEC,legacy_price_return_abs_time
132,3.535384579366943e-06,11.841269917396804,0.6954755696640553,-1.9975211189967181,52.012449059495026,0.03785297466800143,11.841269917396804,0.6954755696640553,-1.9975211189967181,52.012449059495026,0.03785297466800143,6.66667,"[4.074981925988279e-06, 3.334801751576937e-06, 3.196370060535613e-06]",0.6013324760977011,COMPLETE,4,1,2L2A_COUPLED_FREEC,legacy_price_return_abs_time
9,3.5442966906528068e-06,29.044202279951822,0.0944531622814046,-1.9444226047526096,16.443136349515754,0.015267428007056017,29.044202279951822,0.0944531622814046,-1.9444226047526096,16.443136349515754,0.015267428007056017,33.333667,"[4.027075654689121e-06, 3.380972947498527e-06, 3.2248414697707733e-06]",0.5998553786267268,COMPLETE,4,1,2L2A_COUPLED_FREEC,legacy_price_return_abs_time
145,3.5554272396742896e-06,7.593281621584111,0.2758642199028257,-1.735284180562196,52.99664998688967,0.022861108242327975,7.593281621584111,0.2758642199028257,-1.735284180562196,52.99664998688967,0.022861108242327975,0.36667,"[4.06019443932566e-06, 3.229632427486105e-06, 3.376454852211104e-06]",0.5998524263311845,COMPLETE,4,1,2L2A_COUPLED_FREEC,legacy_price_return_abs_time
51,3.5572728087130995e-06,15.373039156665769,0.5412525406084743,0.3515514795332744,11.4635009397636,0.25507799035004325,15.373039156665769,0.5412525406084743,0.3515514795332744,11.4635009397636,0.25507799035004325,3.66667,"[4.110411729609448e-06, 3.1721962349550347e-06, 3.389210461574816e-06]",0.6002391027620542,COMPLETE,4,1,2L2A_COUPLED_FREEC,legacy_price_return_abs_time
88,3.5748349031790295e-06,3.2850025010049517,0.16586307565375144,-1.3329135523473739,35.40560334815274,0.032946569715285444,3.2850025010049517,0.16586307565375144,-1.3329135523473739,35.40560334815274,0.032946569715285444,0.666667,"[4.155130981934043e-06, 3.2802781351757472e-06, 3.289095592427299e-06]",0.5976716679014772,COMPLETE,4,1,2L2A_COUPLED_FREEC,legacy_price_return_abs_time
43,3.578782131439235e-06,6.276381972634732,0.28797117305099806,-1.6484765257567298,38.077813798941904,0.04343942116831854,6.276381972634732,0.28797117305099806,-1.6484765257567298,38.077813798941904,0.04343942116831854,0.3339999999999999,"[4.089177639626716e-06, 3.3298583879620677e-06, 3.3173103667289207e-06]",0.5966537468774882,COMPLETE,4,1,2L2A_COUPLED_FREEC,legacy_price_return_abs_time
119,3.610446354532158e-06,0.29029163462671914,4.688435621313702,-1.6763269073147082,53.21521921574065,0.6593239478251324,0.29029163462671914,4.688435621313702,-1.6763269073147082,53.21521921574065,0.6593239478251324,36.66666667,"[4.288966549607811e-06, 3.275513734229759e-06, 3.2668587797589043e-06]",0.5942489106230668,COMPLETE,4,1,2L2A_COUPLED_FREEC,legacy_price_return_abs_time
52,3.6270073659679305e-06,2.4026064240380585,0.43906335407960834,-1.2742930680338178,73.35068681564555,0.010414773271515614,2.4026064240380585,0.43906335407960834,-1.2742930680338178,73.35068681564555,0.010414773271515614,6.7,"[4.143829057329394e-06, 3.6296120562518077e-06, 3.107580984322589e-06]",0.5893525097481613,COMPLETE,4,1,2L2A_COUPLED_FREEC,legacy_price_return_abs_time
116,3.6301577120347558e-06,0.284737511762918,0.02928418554627261,-0.042235673796052815,40.48362649819885,0.7245215375747195,0.284737511762918,0.02928418554627261,-0.042235673796052815,40.48362649819885,0.7245215375747195,36.699999999999996,"[4.231242006005858e-06, 3.3508631256194216e-06, 3.308368004478988e-06]",0.5913401480528933,COMPLETE,4,1,2L2A_COUPLED_FREEC,legacy_price_return_abs_time
46,3.748143558221074e-06,6.148313020196481,0.010256630681289102,-1.6490537762548287,38.9895611505064,0.012951076882363171,6.148313020196481,0.010256630681289102,-1.6490537762548287,38.9895611505064,0.012951076882363171,6.666666670000001,"[4.331016731006005e-06, 3.547445447302544e-06, 3.365968496354674e-06]",0.5772896294199797,COMPLETE,4,1,2L2A_COUPLED_FREEC,legacy_price_return_abs_time
50,3.7783139420563153e-06,17.955539886236142,0.5653306330076713,-1.941306209692343,10.862603368317785,0.23049407580472983,17.955539886236142,0.5653306330076713,-1.941306209692343,10.862603368317785,0.23049407580472983,0.0001,"[4.585060547161262e-06, 3.3899238718640657e-06, 3.3599574071436193e-06]",0.5759861466263357,COMPLETE,4,1,2L2A_COUPLED_FREEC,legacy_price_return_abs_time
32,3.83381588052739e-06,0.19372326547555013,7.07242635611622,-1.099106505104356,63.30489895982174,1.1345890018876772,0.19372326547555013,7.07242635611622,-1.099106505104356,63.30489895982174,1.1345890018876772,33.66666667,"[4.463669455075712e-06, 3.6306939148286968e-06, 3.4070842716777646e-06]",0.5677251133834389,COMPLETE,4,1,2L2A_COUPLED_FREEC,legacy_price_return_abs_time
34,3.845358207405202e-06,0.8069609886771091,7.808044264253413,-0.9921323352781497,61.36969767154452,1.1596924689840569,0.8069609886771091,7.808044264253413,-0.9921323352781497,61.36969767154452,1.1596924689840569,33.66666667,"[4.473863497804619e-06, 3.648058368634058e-06, 3.4141527557769296e-06]",0.5663656930209671,COMPLETE,4,1,2L2A_COUPLED_FREEC,legacy_price_return_abs_time
0,3.850380032075801e-06,0.13950480506047094,0.01734315189631626,0.38525260904867054,64.4732887181871,1.158960673704741,0.13950480506047094,0.01734315189631626,0.38525260904867054,64.4732887181871,1.158960673704741,3.3333333400000007,"[4.455341693498729e-06, 3.7019603579994057e-06, 3.39383804472927e-06]",0.5653579139208028,COMPLETE,4,1,2L2A_COUPLED_FREEC,legacy_price_return_abs_time
12,3.9281849220948585e-06,14.637675294110183,0.043717511298396815,-1.1244204419506514,68.08672903924426,0.3093906814765376,14.637675294110183,0.043717511298396815,-1.1244204419506514,68.08672903924426,0.3093906814765376,0.03367,"[4.4850124540789535e-06, 3.5457011299042762e-06, 3.753841182301347e-06]",0.5580621294426281,COMPLETE,4,1,2L2A_COUPLED_FREEC,legacy_price_return_abs_time
33,4.056107101290276e-06,0.7116123153808029,7.9332624856462735,-0.12856586239907905,59.70935760025219,1.5408150515417256,0.7116123153808029,7.9332624856462735,-0.12856586239907905,59.70935760025219,1.5408150515417256,3.3666666700000003,"[4.663892548208944e-06, 3.9104491197406836e-06, 3.5939796359211993e-06]",0.541957316620084,COMPLETE,4,1,2L2A_COUPLED_FREEC,legacy_price_return_abs_time
44,4.207238112618064e-06,6.429028010099837,0.12503015934202621,-1.6877077987017945,38.12938130240913,0.036674622305165994,6.429028010099837,0.12503015934202621,-1.6877077987017945,38.12938130240913,0.036674622305165994,33.66666667,"[4.2299085463646394e-06, 4.592017209803913e-06, 3.7997885816856397e-06]",0.5189245321225918,COMPLETE,4,1,2L2A_COUPLED_FREEC,legacy_price_return_abs_time
45,4.259749299299937e-06,6.521689314471678,0.13727477709168756,-1.6724553686704189,38.0835735507011,0.03501426016667306,6.521689314471678,0.13727477709168756,-1.6724553686704189,38.0835735507011,0.03501426016667306,33.366666669999994,"[4.260781896008368e-06, 4.773714325110153e-06, 3.744751676781289e-06]",0.5119364749783241,COMPLETE,4,1,2L2A_COUPLED_FREEC,legacy_price_return_abs_time
11,4.432627080174563e-06,1.7700239373447688,13.673652886514516,1.5550915454713543,37.141495948725584,2.0782745207917106,1.7700239373447688,13.673652886514516,1.5550915454713543,37.141495948725584,2.0782745207917106,0.007,"[5.0614778693902745e-06, 4.158844728435351e-06, 4.077558642698063e-06]",0.500157476974523,COMPLETE,4,1,2L2A_COUPLED_FREEC,legacy_price_return_abs_time
130,4.5036418264529384e-06,11.665548976052923,0.3227390566000857,-1.7624467333484921,42.12645525069607,0.03881618982926173,11.665548976052923,0.3227390566000857,-1.7624467333484921,42.12645525069607,0.03881618982926173,33.33366667,"[4.33260371122591e-06, 5.695057634332268e-06, 3.483264133800638e-06]",0.4786724526935639,COMPLETE,4,1,2L2A_COUPLED_FREEC,legacy_price_return_abs_time
73,4.697345828358923e-06,9.729500263985043,1.024444173868846,1.8565415715371256,41.13091685002951,3.976945706840177,9.729500263985043,1.024444173868846,1.8565415715371256,41.13091685002951,3.976945706840177,1.0000000000000002e-08,"[5.5450133436639e-06, 4.39374851077792e-06, 4.153275630634949e-06]",0.471015375201689,COMPLETE,4,1,2L2A_COUPLED_FREEC,legacy_price_return_abs_time
3,5.134760089188376e-06,0.025273127523958216,1.8948069959662086,-0.6683241893910807,79.7576994232962,5.802376967329652,0.025273127523958216,1.8948069959662086,-0.6683241893910807,79.7576994232962,5.802376967329652,3.667e-05,"[6.141973421798444e-06, 4.6404445574659565e-06, 4.6218622883007265e-06]",0.4232163344521635,COMPLETE,4,1,2L2A_COUPLED_FREEC,legacy_price_return_abs_time
2,5.26121914037418e-06,0.12312589829610723,0.3905145895802825,0.8489817042488497,36.799489297298976,6.659352266543724,0.12312589829610723,0.3905145895802825,0.8489817042488497,36.799489297298976,6.659352266543724,7.000000000000001e-06,"[6.191629079597694e-06, 4.6527421191930925e-06, 4.939286222331754e-06]",0.4094152485810964,COMPLETE,4,1,2L2A_COUPLED_FREEC,legacy_price_return_abs_time
1,5.961566630879926e-06,11.746089200920109,0.22306954019553007,0.18218332592461683,79.60048381528155,7.573969543977794,11.746089200920109,0.22306954019553007,0.18218332592461683,79.60048381528155,7.573969543977794,3.399999999999999e-07,"[7.407251301167612e-06, 5.461912393780562e-06, 5.015536197691605e-06]",0.33072877427472236,COMPLETE,4,1,2L2A_COUPLED_FREEC,legacy_price_return_abs_time
115,5.999846036509165e-06,0.17297408762362412,2.815243448218563,-1.4855291666552453,40.814359877976706,14.151550468995955,0.17297408762362412,2.815243448218563,-1.4855291666552453,40.814359877976706,14.151550468995955,3.3339999999999996e-05,"[7.4210839295995626e-06, 5.511597959452731e-06, 5.066856220475203e-06]",0.32621089890010496,COMPLETE,4,1,2L2A_COUPLED_FREEC,legacy_price_return_abs_time
10,6.098946296155971e-06,10.760574565066522,4.660454201059572,-1.1269041520418481,20.795343295095865,15.868973708088918,10.760574565066522,4.660454201059572,-1.1269041520418481,20.795343295095865,15.868973708088918,1.0000000000000002e-08,"[7.530849096053821e-06, 5.582251684788911e-06, 5.183738107625183e-06]",0.3151878043807163,COMPLETE,4,1,2L2A_COUPLED_FREEC,legacy_price_return_abs_time
5,7.058438801331408e-06,4.0114541696752575,0.19521668923668065,1.4980150269012475,30.42773368140854,16.859578668035912,4.0114541696752575,0.19521668923668065,1.4980150269012475,30.42773368140854,16.859578668035912,1.0000000000000002e-08,"[8.654950095893094e-06, 6.336354351330162e-06, 6.184011956770967e-06]",0.20815604847054636,COMPLETE,4,1,2L2A_COUPLED_FREEC,legacy_price_return_abs_time
114,7.832226102847268e-06,0.22505845827155352,1.195325462334133,-0.050100624646734815,31.206710098129253,26.580736076609945,0.22505845827155352,1.195325462334133,-0.050100624646734815,31.206710098129253,26.580736076609945,66.66666667,"[9.028791668413266e-06, 7.253082144794786e-06, 7.214804495333753e-06]",0.1177890674835302,COMPLETE,4,1,2L2A_COUPLED_FREEC,legacy_price_return_abs_time
7,7.832241603587657e-06,0.04240030804002132,0.20517102371788018,0.6994109395002117,52.330630894711334,28.03158971221426,0.04240030804002132,0.20517102371788018,0.6994109395002117,52.330630894711334,28.03158971221426,66.66666667,"[9.028791671123668e-06, 7.25312864169789e-06, 7.214804497941412e-06]",0.1177870262268923,COMPLETE,4,1,2L2A_COUPLED_FREEC,legacy_price_return_abs_time
